100001,101,1002,Udhayan,2020-10-21,2020-10-28,2020-10-27,Y
100002,102,1001,Rishabh,2020-09-29,2020-10-06,2020-10-11,Y
100003,103,1003,Srikar,2020-09-28,2020-10-05,,N
100004,105,1009,Madhu,2020-10-01,2020-10-08,2020-10-21,Y
100005,103,1004,Vidula,2020-10-01,2020-10-08,,N
100006,101,1005,Meet,2020-08-21,2020-08-28,,N
100007,104,1006,Chaitra,2020-09-03,2020-09-10,2020-09-10,Y
100008,101,1008,Fardeen,2020-09-11,2020-09-18,,N
100009,102,1007,Chandu,2020-10-15,2020-10-22,,N
100010,4,4,4,2020-10-23,2020-10-30,,N
100011,12,12,,2020-10-23,2020-10-30,,N
100012,101,1009,Madhu,2020-10-23,2020-10-30,2020-10-23,Y
100013,102,1002,Udhayan,2020-10-23,2020-10-30,,N
